Cristi777 s-a inregistrat cu succes!,2026-04-02 19:20:14
Logare USER | Username: Cristi777 | CNP: 73893948839019,2026-04-02 19:20:33
Depunere: 1000.0 RON | Cont: RO341137BANC38 | Client: Stoian Cristi (CNP: 73893948839019),2026-04-02 19:21:08
Depunere: 1500.0 RON | Cont: RO664950BANC91 | Client: Stoian Cristi (CNP: 73893948839019),2026-04-02 19:21:17
Retragere: 500.0 RON | Cont: RO664950BANC91 | Client: Stoian Cristi (CNP: 73893948839019),2026-04-02 19:21:26
Transfer: 500.0 RON | De la: RO664950BANC91 | Catre: RO341137BANC38 | Initiat de: Stoian (CNP: 73893948839019),2026-04-02 19:22:06
Emitere Card DebitCard | Nr: 4111566424992511 | Exp: 04/30 | Cont: RO341137BANC38 | Client: Stoian,2026-04-02 19:22:19
Emitere Card CreditCard | Nr: 4111681218085975 | Exp: 04/30 | Cont: RO341137BANC38 | Client: Stoian,2026-04-02 19:22:42
Iuly777 s-a inregistrat cu succes!,2026-04-02 19:23:52
Logare USER | Username: Iuly777 | CNP: 9483849593945,2026-04-02 19:24:02
Depunere: 100000.0 RON | Cont: RO896198BANC97 | Client: Neagu Iuliana (CNP: 9483849593945),2026-04-02 19:24:15
Logare USER | Username: Cristi777 | CNP: 73893948839019,2026-04-02 19:40:13
Emitere Card DebitCard | Nr: 4111128565122932 | Exp: 04/30 | Cont: RO341137BANC38 | Client: Stoian,2026-04-02 19:40:39
Logare USER | Username: Cristi777 | CNP: 73893948839019,2026-04-02 19:41:11
Logare USER | Username: Cristi777 | CNP: 73893948839019,2026-04-02 19:47:19
Emitere Card CreditCard | Nr: 4111719622908940 | Exp: 04/30 | Cont: RO664950BANC91 | Client: Stoian,2026-04-02 19:47:46
Logare USER | Username: Iuly777 | CNP: 9483849593945,2026-04-02 19:48:00
Emitere Card CreditCard | Nr: 4111232396737326 | Exp: 04/30 | Cont: RO896198BANC97 | Client: Neagu,2026-04-02 19:48:11
Retragere: 50000.0 RON | Cont: RO896198BANC97 | Client: Neagu Iuliana (CNP: 9483849593945),2026-04-02 19:48:19
Retragere: 5000.0 RON | Cont: RO896198BANC97 | Client: Neagu Iuliana (CNP: 9483849593945),2026-04-02 19:48:30
Logare USER | Username: Iuly777 | CNP: 9483849593945,2026-04-02 19:49:18
